"Player","GameNumber","Color"
"Zukertort  Johannes H",1,"White"
"Steinitz  Wilhelm",2,"White"
"Zukertort  Johannes H",3,"White"
"Steinitz  Wilhelm",4,"White"
"Zukertort  Johannes H",5,"White"
"Steinitz  Wilhelm",6,"White"
"Zukertort  Johannes H",7,"White"
"Steinitz  Wilhelm",8,"White"
"Zukertort  Johannes H",9,"White"
"Steinitz  Wilhelm",10,"White"
"Zukertort  Johannes H",11,"White"
"Steinitz  Wilhelm",12,"White"
"Zukertort  Johannes H",13,"White"
"Steinitz  Wilhelm",14,"White"
"Zukertort  Johannes H",15,"White"
"Steinitz  Wilhelm",16,"White"
"Zukertort  Johannes H",17,"White"
"Steinitz  Wilhelm",18,"White"
"Zukertort  Johannes H",19,"White"
"Steinitz  Wilhelm",20,"White"
"Chigorin  Mikhail I",21,"White"
"Steinitz  Wilhelm",22,"White"
"Chigorin  Mikhail I",23,"White"
"Steinitz  Wilhelm",24,"White"
"Chigorin  Mikhail I",25,"White"
"Steinitz  Wilhelm",26,"White"
"Chigorin  Mikhail I",27,"White"
"Steinitz  Wilhelm",28,"White"
"Chigorin  Mikhail I",29,"White"
"Steinitz  Wilhelm",30,"White"
"Chigorin  Mikhail I",31,"White"
"Steinitz  Wilhelm",32,"White"
"Chigorin  Mikhail I",33,"White"
"Steinitz  Wilhelm",34,"White"
"Chigorin  Mikhail I",35,"White"
"Steinitz  Wilhelm",36,"White"
"Chigorin  Mikhail I",37,"White"
"Steinitz  Wilhelm",38,"White"
"Gunsberg  Isidor A",39,"White"
"Steinitz  Wilhelm",40,"White"
"Gunsberg  Isidor A",41,"White"
"Steinitz  Wilhelm",42,"White"
"Gunsberg  Isidor A",43,"White"
"Steinitz  Wilhelm",44,"White"
"Gunsberg  Isidor A",45,"White"
"Steinitz  Wilhelm",46,"White"
"Gunsberg  Isidor A",47,"White"
"Steinitz  Wilhelm",48,"White"
"Gunsberg  Isidor A",49,"White"
"Steinitz  Wilhelm",50,"White"
"Gunsberg  Isidor A",51,"White"
"Steinitz  Wilhelm",52,"White"
"Gunsberg  Isidor A",53,"White"
"Steinitz  Wilhelm",54,"White"
"Gunsberg  Isidor A",55,"White"
"Steinitz  Wilhelm",56,"White"
"Chigorin  Mikhail I",57,"White"
"Steinitz  Wilhelm",58,"White"
"Chigorin  Mikhail I",59,"White"
"Steinitz  Wilhelm",60,"White"
"Chigorin  Mikhail I",61,"White"
"Steinitz  Wilhelm",62,"White"
"Chigorin  Mikhail I",63,"White"
"Steinitz  Wilhelm",64,"White"
"Chigorin  Mikhail I",65,"White"
"Steinitz  Wilhelm",66,"White"
"Chigorin  Mikhail I",67,"White"
"Steinitz  Wilhelm",68,"White"
"Chigorin  Mikhail I",69,"White"
"Steinitz  Wilhelm",70,"White"
"Chigorin  Mikhail I",71,"White"
"Steinitz  Wilhelm",72,"White"
"Chigorin  Mikhail I",73,"White"
"Steinitz  Wilhelm",74,"White"
"Chigorin  Mikhail I",75,"White"
"Steinitz  Wilhelm",76,"White"
"Chigorin  Mikhail I",77,"White"
"Steinitz  Wilhelm",78,"White"
"Chigorin  Mikhail I",79,"White"
"Lasker  Emanuel",80,"White"
"Steinitz  Wilhelm",81,"White"
"Lasker  Emanuel",82,"White"
"Steinitz  Wilhelm",83,"White"
"Lasker  Emanuel",84,"White"
"Steinitz  Wilhelm",85,"White"
"Lasker  Emanuel",86,"White"
"Steinitz  Wilhelm",87,"White"
"Lasker  Emanuel",88,"White"
"Steinitz  Wilhelm",89,"White"
"Lasker  Emanuel",90,"White"
"Steinitz  Wilhelm",91,"White"
"Lasker  Emanuel",92,"White"
"Steinitz  Wilhelm",93,"White"
"Lasker  Emanuel",94,"White"
"Steinitz  Wilhelm",95,"White"
"Lasker  Emanuel",96,"White"
"Steinitz  Wilhelm",97,"White"
"Lasker  Emanuel",98,"White"
"Marshall  Frank J",99,"White"
"Lasker  Emanuel",100,"White"
"Marshall  Frank J",101,"White"
"Lasker  Emanuel",102,"White"
"Marshall  Frank J",103,"White"
"Lasker  Emanuel",104,"White"
"Marshall  Frank J",105,"White"
"Lasker  Emanuel",106,"White"
"Marshall  Frank J",107,"White"
"Lasker  Emanuel",108,"White"
"Marshall  Frank J",109,"White"
"Lasker  Emanuel",110,"White"
"Marshall  Frank J",111,"White"
"Lasker  Emanuel",112,"White"
"Marshall  Frank J",113,"White"
"Lasker  Emanuel",114,"White"
"Tarrasch  Siegbert",115,"White"
"Lasker  Emanuel",116,"White"
"Tarrasch  Siegbert",117,"White"
"Lasker  Emanuel",118,"White"
"Tarrasch  Siegbert",119,"White"
"Lasker  Emanuel",120,"White"
"Tarrasch  Siegbert",121,"White"
"Lasker  Emanuel",122,"White"
"Tarrasch  Siegbert",123,"White"
"Lasker  Emanuel",124,"White"
"Tarrasch  Siegbert",125,"White"
"Lasker  Emanuel",126,"White"
"Tarrasch  Siegbert",127,"White"
"Lasker  Emanuel",128,"White"
"Tarrasch  Siegbert",129,"White"
"Lasker  Emanuel",130,"White"
"Janowski  Dawid M",131,"White"
"Lasker  Emanuel",132,"White"
"Janowski  Dawid M",133,"White"
"Lasker  Emanuel",134,"White"
"Janowski  Dawid M",135,"White"
"Lasker  Emanuel",136,"White"
"Janowski  Dawid M",137,"White"
"Lasker  Emanuel",138,"White"
"Janowski  Dawid M",139,"White"
"Lasker  Emanuel",140,"White"
"Janowski  Dawid M",141,"White"
"Lasker  Emanuel",142,"White"
"Janowski  Dawid M",143,"White"
"Lasker  Emanuel",144,"White"
"Janowski  Dawid M",145,"White"
"Lasker  Emanuel",146,"White"
"Janowski  Dawid M",147,"White"
"Lasker  Emanuel",148,"White"
"Janowski  Dawid M",149,"White"
"Lasker  Emanuel",150,"White"
"Schlechter  Carl",151,"White"
"Lasker  Emanuel",152,"White"
"Schlechter  Carl",153,"White"
"Lasker  Emanuel",154,"White"
"Schlechter  Carl",155,"White"
"Lasker  Emanuel",156,"White"
"Schlechter  Carl",157,"White"
"Lasker  Emanuel",158,"White"
"Schlechter  Carl",159,"White"
"Lasker  Emanuel",160,"White"
"Capablanca  Jose Raul",161,"White"
"Lasker  Emanuel",162,"White"
"Capablanca  Jose Raul",163,"White"
"Lasker  Emanuel",164,"White"
"Capablanca  Jose Raul",165,"White"
"Lasker  Emanuel",166,"White"
"Capablanca  Jose Raul",167,"White"
"Lasker  Emanuel",168,"White"
"Capablanca  Jose Raul",169,"White"
"Lasker  Emanuel",170,"White"
"Capablanca  Jose Raul",171,"White"
"Lasker  Emanuel",172,"White"
"Capablanca  Jose Raul",173,"White"
"Lasker  Emanuel",174,"White"
"Capablanca  Jose Raul",175,"White"
"Alekhine  Alexander A",176,"White"
"Capablanca  Jose Raul",177,"White"
"Alekhine  Alexander A",178,"White"
"Capablanca  Jose Raul",179,"White"
"Alekhine  Alexander A",180,"White"
"Capablanca  Jose Raul",181,"White"
"Alekhine  Alexander A",182,"White"
"Capablanca  Jose Raul",183,"White"
"Alekhine  Alexander A",184,"White"
"Capablanca  Jose Raul",185,"White"
"Alekhine  Alexander A",186,"White"
"Capablanca  Jose Raul",187,"White"
"Alekhine  Alexander A",188,"White"
"Capablanca  Jose Raul",189,"White"
"Alekhine  Alexander A",190,"White"
"Capablanca  Jose Raul",191,"White"
"Alekhine  Alexander A",192,"White"
"Capablanca  Jose Raul",193,"White"
"Alekhine  Alexander A",194,"White"
"Capablanca  Jose Raul",195,"White"
"Alekhine  Alexander A",196,"White"
"Capablanca  Jose Raul",197,"White"
"Alekhine  Alexander A",198,"White"
"Capablanca  Jose Raul",199,"White"
"Alekhine  Alexander A",200,"White"
"Capablanca  Jose Raul",201,"White"
"Alekhine  Alexander A",202,"White"
"Capablanca  Jose Raul",203,"White"
"Alekhine  Alexander A",204,"White"
"Capablanca  Jose Raul",205,"White"
"Alekhine  Alexander A",206,"White"
"Capablanca  Jose Raul",207,"White"
"Alekhine  Alexander A",208,"White"
"Alekhine  Alexander A",209,"White"
"Bogoljubow  Efim D",210,"White"
"Alekhine  Alexander A",211,"White"
"Bogoljubow  Efim D",212,"White"
"Alekhine  Alexander A",213,"White"
"Bogoljubow  Efim D",214,"White"
"Alekhine  Alexander A",215,"White"
"Bogoljubow  Efim D",216,"White"
"Alekhine  Alexander A",217,"White"
"Bogoljubow  Efim D",218,"White"
"Alekhine  Alexander A",219,"White"
"Bogoljubow  Efim D",220,"White"
"Alekhine  Alexander A",221,"White"
"Bogoljubow  Efim D",222,"White"
"Alekhine  Alexander A",223,"White"
"Bogoljubow  Efim D",224,"White"
"Alekhine  Alexander A",225,"White"
"Bogoljubow  Efim D",226,"White"
"Alekhine  Alexander A",227,"White"
"Bogoljubow  Efim D",228,"White"
"Alekhine  Alexander A",229,"White"
"Bogoljubow  Efim D",230,"White"
"Alekhine  Alexander A",231,"White"
"Bogoljubow  Efim D",232,"White"
"Alekhine  Alexander A",233,"White"
"Bogoljubow  Efim D",234,"White"
"Alekhine  Alexander A",235,"White"
"Bogoljubow  Efim D",236,"White"
"Alekhine  Alexander A",237,"White"
"Bogoljubow  Efim D",238,"White"
"Alekhine  Alexander A",239,"White"
"Bogoljubow  Efim D",240,"White"
"Alekhine  Alexander A",241,"White"
"Bogoljubow  Efim D",242,"White"
"Alekhine  Alexander A",243,"White"
"Bogoljubow  Efim D",244,"White"
"Alekhine  Alexander A",245,"White"
"Bogoljubow  Efim D",246,"White"
"Alekhine  Alexander A",247,"White"
"Bogoljubow  Efim D",248,"White"
"Alekhine  Alexander A",249,"White"
"Bogoljubow  Efim D",250,"White"
"Alekhine  Alexander A",251,"White"
"Bogoljubow  Efim D",252,"White"
"Alekhine  Alexander A",253,"White"
"Bogoljubow  Efim D",254,"White"
"Alekhine  Alexander A",255,"White"
"Bogoljubow  Efim D",256,"White"
"Alekhine  Alexander A",257,"White"
"Bogoljubow  Efim D",258,"White"
"Alekhine  Alexander A",259,"White"
"Alekhine  Alexander A",260,"White"
"Euwe  Max",261,"White"
"Alekhine  Alexander A",262,"White"
"Euwe  Max",263,"White"
"Alekhine  Alexander A",264,"White"
"Euwe  Max",265,"White"
"Alekhine  Alexander A",266,"White"
"Euwe  Max",267,"White"
"Alekhine  Alexander A",268,"White"
"Euwe  Max",269,"White"
"Alekhine  Alexander A",270,"White"
"Euwe  Max",271,"White"
"Alekhine  Alexander A",272,"White"
"Euwe  Max",273,"White"
"Alekhine  Alexander A",274,"White"
"Euwe  Max",275,"White"
"Alekhine  Alexander A",276,"White"
"Euwe  Max",277,"White"
"Alekhine  Alexander A",278,"White"
"Euwe  Max",279,"White"
"Alekhine  Alexander A",280,"White"
"Euwe  Max",281,"White"
"Alekhine  Alexander A",282,"White"
"Euwe  Max",283,"White"
"Alekhine  Alexander A",284,"White"
"Euwe  Max",285,"White"
"Alekhine  Alexander A",286,"White"
"Euwe  Max",287,"White"
"Alekhine  Alexander A",288,"White"
"Euwe  Max",289,"White"
"Euwe  Max",290,"White"
"Alekhine  Alexander A",291,"White"
"Euwe  Max",292,"White"
"Alekhine  Alexander A",293,"White"
"Euwe  Max",294,"White"
"Alekhine  Alexander A",295,"White"
"Euwe  Max",296,"White"
"Alekhine  Alexander A",297,"White"
"Euwe  Max",298,"White"
"Alekhine  Alexander A",299,"White"
"Euwe  Max",300,"White"
"Alekhine  Alexander A",301,"White"
"Euwe  Max",302,"White"
"Alekhine  Alexander A",303,"White"
"Euwe  Max",304,"White"
"Alekhine  Alexander A",305,"White"
"Euwe  Max",306,"White"
"Alekhine  Alexander A",307,"White"
"Euwe  Max",308,"White"
"Alekhine  Alexander A",309,"White"
"Euwe  Max",310,"White"
"Alekhine  Alexander A",311,"White"
"Euwe  Max",312,"White"
"Alekhine  Alexander A",313,"White"
"Euwe  Max",314,"White"
"Euwe  Max",315,"White"
"Smyslov  Vassily V",316,"White"
"Botvinnik  Mikhail M",317,"White"
"Keres  Paul",318,"White"
"Reshevsky  Samuel H",319,"White"
"Smyslov  Vassily V",320,"White"
"Botvinnik  Mikhail M",321,"White"
"Euwe  Max",322,"White"
"Keres  Paul",323,"White"
"Reshevsky  Samuel H",324,"White"
"Keres  Paul",325,"White"
"Reshevsky  Samuel H",326,"White"
"Euwe  Max",327,"White"
"Smyslov  Vassily V",328,"White"
"Botvinnik  Mikhail M",329,"White"
"Keres  Paul",330,"White"
"Reshevsky  Samuel H",331,"White"
"Smyslov  Vassily V",332,"White"
"Euwe  Max",333,"White"
"Euwe  Max",334,"White"
"Smyslov  Vassily V",335,"White"
"Botvinnik  Mikhail M",336,"White"
"Keres  Paul",337,"White"
"Reshevsky  Samuel H",338,"White"
"Botvinnik  Mikhail M",339,"White"
"Euwe  Max",340,"White"
"Keres  Paul",341,"White"
"Reshevsky  Samuel H",342,"White"
"Keres  Paul",343,"White"
"Reshevsky  Samuel H",344,"White"
"Euwe  Max",345,"White"
"Smyslov  Vassily V",346,"White"
"Botvinnik  Mikhail M",347,"White"
"Keres  Paul",348,"White"
"Reshevsky  Samuel H",349,"White"
"Smyslov  Vassily V",350,"White"
"Botvinnik  Mikhail M",351,"White"
"Euwe  Max",352,"White"
"Euwe  Max",353,"White"
"Smyslov  Vassily V",354,"White"
"Botvinnik  Mikhail M",355,"White"
"Keres  Paul",356,"White"
"Reshevsky  Samuel H",357,"White"
"Smyslov  Vassily V",358,"White"
"Botvinnik  Mikhail M",359,"White"
"Euwe  Max",360,"White"
"Keres  Paul",361,"White"
"Reshevsky  Samuel H",362,"White"
"Botvinnik  Mikhail M",363,"White"
"Bronstein  David I",364,"White"
"Botvinnik  Mikhail M",365,"White"
"Bronstein  David I",366,"White"
"Botvinnik  Mikhail M",367,"White"
"Bronstein  David I",368,"White"
"Botvinnik  Mikhail M",369,"White"
"Bronstein  David I",370,"White"
"Botvinnik  Mikhail M",371,"White"
"Bronstein  David I",372,"White"
"Botvinnik  Mikhail M",373,"White"
"Bronstein  David I",374,"White"
"Botvinnik  Mikhail M",375,"White"
"Bronstein  David I",376,"White"
"Botvinnik  Mikhail M",377,"White"
"Bronstein  David I",378,"White"
"Botvinnik  Mikhail M",379,"White"
"Bronstein  David I",380,"White"
"Botvinnik  Mikhail M",381,"White"
"Bronstein  David I",382,"White"
"Botvinnik  Mikhail M",383,"White"
"Bronstein  David I",384,"White"
"Botvinnik  Mikhail M",385,"White"
"Bronstein  David I",386,"White"
"Smyslov  Vassily V",387,"White"
"Botvinnik  Mikhail M",388,"White"
"Smyslov  Vassily V",389,"White"
"Botvinnik  Mikhail M",390,"White"
"Smyslov  Vassily V",391,"White"
"Botvinnik  Mikhail M",392,"White"
"Smyslov  Vassily V",393,"White"
"Botvinnik  Mikhail M",394,"White"
"Smyslov  Vassily V",395,"White"
"Botvinnik  Mikhail M",396,"White"
"Smyslov  Vassily V",397,"White"
"Botvinnik  Mikhail M",398,"White"
"Smyslov  Vassily V",399,"White"
"Botvinnik  Mikhail M",400,"White"
"Smyslov  Vassily V",401,"White"
"Botvinnik  Mikhail M",402,"White"
"Smyslov  Vassily V",403,"White"
"Botvinnik  Mikhail M",404,"White"
"Smyslov  Vassily V",405,"White"
"Botvinnik  Mikhail M",406,"White"
"Smyslov  Vassily V",407,"White"
"Botvinnik  Mikhail M",408,"White"
"Smyslov  Vassily V",409,"White"
"Botvinnik  Mikhail M",410,"White"
"Botvinnik  Mikhail M",411,"White"
"Smyslov  Vassily V",412,"White"
"Botvinnik  Mikhail M",413,"White"
"Smyslov  Vassily V",414,"White"
"Botvinnik  Mikhail M",415,"White"
"Smyslov  Vassily V",416,"White"
"Botvinnik  Mikhail M",417,"White"
"Smyslov  Vassily V",418,"White"
"Botvinnik  Mikhail M",419,"White"
"Smyslov  Vassily V",420,"White"
"Botvinnik  Mikhail M",421,"White"
"Smyslov  Vassily V",422,"White"
"Botvinnik  Mikhail M",423,"White"
"Smyslov  Vassily V",424,"White"
"Botvinnik  Mikhail M",425,"White"
"Smyslov  Vassily V",426,"White"
"Botvinnik  Mikhail M",427,"White"
"Smyslov  Vassily V",428,"White"
"Botvinnik  Mikhail M",429,"White"
"Smyslov  Vassily V",430,"White"
"Botvinnik  Mikhail M",431,"White"
"Smyslov  Vassily V",432,"White"
"Smyslov  Vassily V",433,"White"
"Botvinnik  Mikhail M",434,"White"
"Smyslov  Vassily V",435,"White"
"Botvinnik  Mikhail M",436,"White"
"Smyslov  Vassily V",437,"White"
"Botvinnik  Mikhail M",438,"White"
"Smyslov  Vassily V",439,"White"
"Botvinnik  Mikhail M",440,"White"
"Smyslov  Vassily V",441,"White"
"Botvinnik  Mikhail M",442,"White"
"Smyslov  Vassily V",443,"White"
"Botvinnik  Mikhail M",444,"White"
"Smyslov  Vassily V",445,"White"
"Botvinnik  Mikhail M",446,"White"
"Smyslov  Vassily V",447,"White"
"Botvinnik  Mikhail M",448,"White"
"Smyslov  Vassily V",449,"White"
"Botvinnik  Mikhail M",450,"White"
"Smyslov  Vassily V",451,"White"
"Botvinnik  Mikhail M",452,"White"
"Smyslov  Vassily V",453,"White"
"Botvinnik  Mikhail M",454,"White"
"Smyslov  Vassily V",455,"White"
"Tal  Mikhail N",456,"White"
"Botvinnik  Mikhail M",457,"White"
"Tal  Mikhail N",458,"White"
"Botvinnik  Mikhail M",459,"White"
"Tal  Mikhail N",460,"White"
"Botvinnik  Mikhail M",461,"White"
"Tal  Mikhail N",462,"White"
"Botvinnik  Mikhail M",463,"White"
"Tal  Mikhail N",464,"White"
"Botvinnik  Mikhail M",465,"White"
"Tal  Mikhail N",466,"White"
"Botvinnik  Mikhail M",467,"White"
"Tal  Mikhail N",468,"White"
"Botvinnik  Mikhail M",469,"White"
"Tal  Mikhail N",470,"White"
"Botvinnik  Mikhail M",471,"White"
"Tal  Mikhail N",472,"White"
"Botvinnik  Mikhail M",473,"White"
"Tal  Mikhail N",474,"White"
"Botvinnik  Mikhail M",475,"White"
"Tal  Mikhail N",476,"White"
"Botvinnik  Mikhail M",477,"White"
"Tal  Mikhail N",478,"White"
"Botvinnik  Mikhail M",479,"White"
"Tal  Mikhail N",480,"White"
"Botvinnik  Mikhail M",481,"White"
"Tal  Mikhail N",482,"White"
"Botvinnik  Mikhail M",483,"White"
"Tal  Mikhail N",484,"White"
"Botvinnik  Mikhail M",485,"White"
"Tal  Mikhail N",486,"White"
"Botvinnik  Mikhail M",487,"White"
"Tal  Mikhail N",488,"White"
"Botvinnik  Mikhail M",489,"White"
"Tal  Mikhail N",490,"White"
"Botvinnik  Mikhail M",491,"White"
"Tal  Mikhail N",492,"White"
"Botvinnik  Mikhail M",493,"White"
"Tal  Mikhail N",494,"White"
"Botvinnik  Mikhail M",495,"White"
"Tal  Mikhail N",496,"White"
"Botvinnik  Mikhail M",497,"White"
"Petrosian  Tigran V",498,"White"
"Botvinnik  Mikhail M",499,"White"
"Petrosian  Tigran V",500,"White"
"Botvinnik  Mikhail M",501,"White"
"Petrosian  Tigran V",502,"White"
"Botvinnik  Mikhail M",503,"White"
"Petrosian  Tigran V",504,"White"
"Botvinnik  Mikhail M",505,"White"
"Petrosian  Tigran V",506,"White"
"Botvinnik  Mikhail M",507,"White"
"Petrosian  Tigran V",508,"White"
"Botvinnik  Mikhail M",509,"White"
"Petrosian  Tigran V",510,"White"
"Botvinnik  Mikhail M",511,"White"
"Petrosian  Tigran V",512,"White"
"Botvinnik  Mikhail M",513,"White"
"Petrosian  Tigran V",514,"White"
"Botvinnik  Mikhail M",515,"White"
"Petrosian  Tigran V",516,"White"
"Botvinnik  Mikhail M",517,"White"
"Petrosian  Tigran V",518,"White"
"Botvinnik  Mikhail M",519,"White"
"Spassky  Boris V",520,"White"
"Petrosian  Tigran V",521,"White"
"Spassky  Boris V",522,"White"
"Petrosian  Tigran V",523,"White"
"Spassky  Boris V",524,"White"
"Petrosian  Tigran V",525,"White"
"Spassky  Boris V",526,"White"
"Petrosian  Tigran V",527,"White"
"Spassky  Boris V",528,"White"
"Petrosian  Tigran V",529,"White"
"Spassky  Boris V",530,"White"
"Petrosian  Tigran V",531,"White"
"Spassky  Boris V",532,"White"
"Petrosian  Tigran V",533,"White"
"Spassky  Boris V",534,"White"
"Petrosian  Tigran V",535,"White"
"Spassky  Boris V",536,"White"
"Petrosian  Tigran V",537,"White"
"Spassky  Boris V",538,"White"
"Petrosian  Tigran V",539,"White"
"Spassky  Boris V",540,"White"
"Petrosian  Tigran V",541,"White"
"Spassky  Boris V",542,"White"
"Petrosian  Tigran V",543,"White"
"Spassky  Boris V",544,"White"
"Petrosian  Tigran V",545,"White"
"Spassky  Boris V",546,"White"
"Petrosian  Tigran V",547,"White"
"Spassky  Boris V",548,"White"
"Petrosian  Tigran V",549,"White"
"Spassky  Boris V",550,"White"
"Petrosian  Tigran V",551,"White"
"Spassky  Boris V",552,"White"
"Petrosian  Tigran V",553,"White"
"Spassky  Boris V",554,"White"
"Petrosian  Tigran V",555,"White"
"Spassky  Boris V",556,"White"
"Petrosian  Tigran V",557,"White"
"Spassky  Boris V",558,"White"
"Petrosian  Tigran V",559,"White"
"Spassky  Boris V",560,"White"
"Petrosian  Tigran V",561,"White"
"Spassky  Boris V",562,"White"
"Petrosian  Tigran V",563,"White"
"Spassky  Boris V",564,"White"
"Petrosian  Tigran V",565,"White"
"Spassky  Boris V",566,"White"
"Spassky  Boris V",567,"White"
"Spassky  Boris V",568,"White"
"Fischer  Robert J",569,"White"
"Spassky  Boris V",570,"White"
"Fischer  Robert J",571,"White"
"Spassky  Boris V",572,"White"
"Fischer  Robert J",573,"White"
"Spassky  Boris V",574,"White"
"Fischer  Robert J",575,"White"
"Spassky  Boris V",576,"White"
"Fischer  Robert J",577,"White"
"Spassky  Boris V",578,"White"
"Fischer  Robert J",579,"White"
"Spassky  Boris V",580,"White"
"Fischer  Robert J",581,"White"
"Spassky  Boris V",582,"White"
"Fischer  Robert J",583,"White"
"Spassky  Boris V",584,"White"
"Fischer  Robert J",585,"White"
"Spassky  Boris V",586,"White"
"Korchnoi  Viktor L",587,"White"
"Karpov  Anatoly",588,"White"
"Korchnoi  Viktor L",589,"White"
"Karpov  Anatoly",590,"White"
"Korchnoi  Viktor L",591,"White"
"Karpov  Anatoly",592,"White"
"Korchnoi  Viktor L",593,"White"
"Karpov  Anatoly",594,"White"
"Korchnoi  Viktor L",595,"White"
"Karpov  Anatoly",596,"White"
"Korchnoi  Viktor L",597,"White"
"Karpov  Anatoly",598,"White"
"Korchnoi  Viktor L",599,"White"
"Karpov  Anatoly",600,"White"
"Korchnoi  Viktor L",601,"White"
"Karpov  Anatoly",602,"White"
"Korchnoi  Viktor L",603,"White"
"Karpov  Anatoly",604,"White"
"Korchnoi  Viktor L",605,"White"
"Karpov  Anatoly",606,"White"
"Korchnoi  Viktor L",607,"White"
"Karpov  Anatoly",608,"White"
"Korchnoi  Viktor L",609,"White"
"Karpov  Anatoly",610,"White"
"Korchnoi  Viktor L",611,"White"
"Karpov  Anatoly",612,"White"
"Korchnoi  Viktor L",613,"White"
"Karpov  Anatoly",614,"White"
"Korchnoi  Viktor L",615,"White"
"Karpov  Anatoly",616,"White"
"Korchnoi  Viktor L",617,"White"
"Karpov  Anatoly",618,"White"
"Korchnoi  Viktor L",619,"White"
"Karpov  Anatoly",620,"White"
"Korchnoi  Viktor L",621,"White"
"Karpov  Anatoly",622,"White"
"Korchnoi  Viktor L",623,"White"
"Karpov  Anatoly",624,"White"
"Korchnoi  Viktor L",625,"White"
"Karpov  Anatoly",626,"White"
"Korchnoi  Viktor L",627,"White"
"Karpov  Anatoly",628,"White"
"Korchnoi  Viktor L",629,"White"
"Karpov  Anatoly",630,"White"
"Korchnoi  Viktor L",631,"White"
"Karpov  Anatoly",632,"White"
"Korchnoi  Viktor L",633,"White"
"Karpov  Anatoly",634,"White"
"Korchnoi  Viktor L",635,"White"
"Karpov  Anatoly",636,"White"
"Karpov  Anatoly",637,"White"
"Kasparov  Gary",638,"White"
"Karpov  Anatoly",639,"White"
"Kasparov  Gary",640,"White"
"Karpov  Anatoly",641,"White"
"Kasparov  Gary",642,"White"
"Karpov  Anatoly",643,"White"
"Kasparov  Gary",644,"White"
"Karpov  Anatoly",645,"White"
"Kasparov  Gary",646,"White"
"Karpov  Anatoly",647,"White"
"Kasparov  Gary",648,"White"
"Karpov  Anatoly",649,"White"
"Kasparov  Gary",650,"White"
"Karpov  Anatoly",651,"White"
"Kasparov  Gary",652,"White"
"Karpov  Anatoly",653,"White"
"Kasparov  Gary",654,"White"
"Karpov  Anatoly",655,"White"
"Kasparov  Gary",656,"White"
"Karpov  Anatoly",657,"White"
"Kasparov  Gary",658,"White"
"Karpov  Anatoly",659,"White"
"Kasparov  Gary",660,"White"
"Karpov  Anatoly",661,"White"
"Kasparov  Gary",662,"White"
"Karpov  Anatoly",663,"White"
"Kasparov  Gary",664,"White"
"Karpov  Anatoly",665,"White"
"Kasparov  Gary",666,"White"
"Karpov  Anatoly",667,"White"
"Kasparov  Gary",668,"White"
"Karpov  Anatoly",669,"White"
"Kasparov  Gary",670,"White"
"Karpov  Anatoly",671,"White"
"Kasparov  Gary",672,"White"
"Karpov  Anatoly",673,"White"
"Kasparov  Gary",674,"White"
"Karpov  Anatoly",675,"White"
"Kasparov  Gary",676,"White"
"Karpov  Anatoly",677,"White"
"Kasparov  Gary",678,"White"
"Karpov  Anatoly",679,"White"
"Kasparov  Gary",680,"White"
"Karpov  Anatoly",681,"White"
"Kasparov  Gary",682,"White"
"Karpov  Anatoly",683,"White"
"Kasparov  Gary",684,"White"
"Steinitz  Wilhelm",1,"Black"
"Zukertort  Johannes H",2,"Black"
"Steinitz  Wilhelm",3,"Black"
"Zukertort  Johannes H",4,"Black"
"Steinitz  Wilhelm",5,"Black"
"Zukertort  Johannes H",6,"Black"
"Steinitz  Wilhelm",7,"Black"
"Zukertort  Johannes H",8,"Black"
"Steinitz  Wilhelm",9,"Black"
"Zukertort  Johannes H",10,"Black"
"Steinitz  Wilhelm",11,"Black"
"Zukertort  Johannes H",12,"Black"
"Steinitz  Wilhelm",13,"Black"
"Zukertort  Johannes H",14,"Black"
"Steinitz  Wilhelm",15,"Black"
"Zukertort  Johannes H",16,"Black"
"Steinitz  Wilhelm",17,"Black"
"Zukertort  Johannes H",18,"Black"
"Steinitz  Wilhelm",19,"Black"
"Zukertort  Johannes H",20,"Black"
"Steinitz  Wilhelm",21,"Black"
"Chigorin  Mikhail I",22,"Black"
"Steinitz  Wilhelm",23,"Black"
"Chigorin  Mikhail I",24,"Black"
"Steinitz  Wilhelm",25,"Black"
"Chigorin  Mikhail I",26,"Black"
"Steinitz  Wilhelm",27,"Black"
"Chigorin  Mikhail I",28,"Black"
"Steinitz  Wilhelm",29,"Black"
"Chigorin  Mikhail I",30,"Black"
"Steinitz  Wilhelm",31,"Black"
"Chigorin  Mikhail I",32,"Black"
"Steinitz  Wilhelm",33,"Black"
"Chigorin  Mikhail I",34,"Black"
"Steinitz  Wilhelm",35,"Black"
"Chigorin  Mikhail I",36,"Black"
"Steinitz  Wilhelm",37,"Black"
"Gunsberg  Isidor A",38,"Black"
"Steinitz  Wilhelm",39,"Black"
"Gunsberg  Isidor A",40,"Black"
"Steinitz  Wilhelm",41,"Black"
"Gunsberg  Isidor A",42,"Black"
"Steinitz  Wilhelm",43,"Black"
"Gunsberg  Isidor A",44,"Black"
"Steinitz  Wilhelm",45,"Black"
"Gunsberg  Isidor A",46,"Black"
"Steinitz  Wilhelm",47,"Black"
"Gunsberg  Isidor A",48,"Black"
"Steinitz  Wilhelm",49,"Black"
"Gunsberg  Isidor A",50,"Black"
"Steinitz  Wilhelm",51,"Black"
"Gunsberg  Isidor A",52,"Black"
"Steinitz  Wilhelm",53,"Black"
"Gunsberg  Isidor A",54,"Black"
"Steinitz  Wilhelm",55,"Black"
"Gunsberg  Isidor A",56,"Black"
"Steinitz  Wilhelm",57,"Black"
"Chigorin  Mikhail I",58,"Black"
"Steinitz  Wilhelm",59,"Black"
"Chigorin  Mikhail I",60,"Black"
"Steinitz  Wilhelm",61,"Black"
"Chigorin  Mikhail I",62,"Black"
"Steinitz  Wilhelm",63,"Black"
"Chigorin  Mikhail I",64,"Black"
"Steinitz  Wilhelm",65,"Black"
"Chigorin  Mikhail I",66,"Black"
"Steinitz  Wilhelm",67,"Black"
"Chigorin  Mikhail I",68,"Black"
"Steinitz  Wilhelm",69,"Black"
"Chigorin  Mikhail I",70,"Black"
"Steinitz  Wilhelm",71,"Black"
"Chigorin  Mikhail I",72,"Black"
"Steinitz  Wilhelm",73,"Black"
"Chigorin  Mikhail I",74,"Black"
"Steinitz  Wilhelm",75,"Black"
"Chigorin  Mikhail I",76,"Black"
"Steinitz  Wilhelm",77,"Black"
"Chigorin  Mikhail I",78,"Black"
"Steinitz  Wilhelm",79,"Black"
"Steinitz  Wilhelm",80,"Black"
"Lasker  Emanuel",81,"Black"
"Steinitz  Wilhelm",82,"Black"
"Lasker  Emanuel",83,"Black"
"Steinitz  Wilhelm",84,"Black"
"Lasker  Emanuel",85,"Black"
"Steinitz  Wilhelm",86,"Black"
"Lasker  Emanuel",87,"Black"
"Steinitz  Wilhelm",88,"Black"
"Lasker  Emanuel",89,"Black"
"Steinitz  Wilhelm",90,"Black"
"Lasker  Emanuel",91,"Black"
"Steinitz  Wilhelm",92,"Black"
"Lasker  Emanuel",93,"Black"
"Steinitz  Wilhelm",94,"Black"
"Lasker  Emanuel",95,"Black"
"Steinitz  Wilhelm",96,"Black"
"Lasker  Emanuel",97,"Black"
"Steinitz  Wilhelm",98,"Black"
"Lasker  Emanuel",99,"Black"
"Marshall  Frank J",100,"Black"
"Lasker  Emanuel",101,"Black"
"Marshall  Frank J",102,"Black"
"Lasker  Emanuel",103,"Black"
"Marshall  Frank J",104,"Black"
"Lasker  Emanuel",105,"Black"
"Marshall  Frank J",106,"Black"
"Lasker  Emanuel",107,"Black"
"Marshall  Frank J",108,"Black"
"Lasker  Emanuel",109,"Black"
"Marshall  Frank J",110,"Black"
"Lasker  Emanuel",111,"Black"
"Marshall  Frank J",112,"Black"
"Lasker  Emanuel",113,"Black"
"Tarrasch  Siegbert",114,"Black"
"Lasker  Emanuel",115,"Black"
"Tarrasch  Siegbert",116,"Black"
"Lasker  Emanuel",117,"Black"
"Tarrasch  Siegbert",118,"Black"
"Lasker  Emanuel",119,"Black"
"Tarrasch  Siegbert",120,"Black"
"Lasker  Emanuel",121,"Black"
"Tarrasch  Siegbert",122,"Black"
"Lasker  Emanuel",123,"Black"
"Tarrasch  Siegbert",124,"Black"
"Lasker  Emanuel",125,"Black"
"Tarrasch  Siegbert",126,"Black"
"Lasker  Emanuel",127,"Black"
"Tarrasch  Siegbert",128,"Black"
"Lasker  Emanuel",129,"Black"
"Janowski  Dawid M",130,"Black"
"Lasker  Emanuel",131,"Black"
"Janowski  Dawid M",132,"Black"
"Lasker  Emanuel",133,"Black"
"Janowski  Dawid M",134,"Black"
"Lasker  Emanuel",135,"Black"
"Janowski  Dawid M",136,"Black"
"Lasker  Emanuel",137,"Black"
"Janowski  Dawid M",138,"Black"
"Lasker  Emanuel",139,"Black"
"Janowski  Dawid M",140,"Black"
"Lasker  Emanuel",141,"Black"
"Janowski  Dawid M",142,"Black"
"Lasker  Emanuel",143,"Black"
"Janowski  Dawid M",144,"Black"
"Lasker  Emanuel",145,"Black"
"Janowski  Dawid M",146,"Black"
"Lasker  Emanuel",147,"Black"
"Janowski  Dawid M",148,"Black"
"Lasker  Emanuel",149,"Black"
"Janowski  Dawid M",150,"Black"
"Lasker  Emanuel",151,"Black"
"Schlechter  Carl",152,"Black"
"Lasker  Emanuel",153,"Black"
"Schlechter  Carl",154,"Black"
"Lasker  Emanuel",155,"Black"
"Schlechter  Carl",156,"Black"
"Lasker  Emanuel",157,"Black"
"Schlechter  Carl",158,"Black"
"Lasker  Emanuel",159,"Black"
"Schlechter  Carl",160,"Black"
"Lasker  Emanuel",161,"Black"
"Capablanca  Jose Raul",162,"Black"
"Lasker  Emanuel",163,"Black"
"Capablanca  Jose Raul",164,"Black"
"Lasker  Emanuel",165,"Black"
"Capablanca  Jose Raul",166,"Black"
"Lasker  Emanuel",167,"Black"
"Capablanca  Jose Raul",168,"Black"
"Lasker  Emanuel",169,"Black"
"Capablanca  Jose Raul",170,"Black"
"Lasker  Emanuel",171,"Black"
"Capablanca  Jose Raul",172,"Black"
"Lasker  Emanuel",173,"Black"
"Capablanca  Jose Raul",174,"Black"
"Alekhine  Alexander A",175,"Black"
"Capablanca  Jose Raul",176,"Black"
"Alekhine  Alexander A",177,"Black"
"Capablanca  Jose Raul",178,"Black"
"Alekhine  Alexander A",179,"Black"
"Capablanca  Jose Raul",180,"Black"
"Alekhine  Alexander A",181,"Black"
"Capablanca  Jose Raul",182,"Black"
"Alekhine  Alexander A",183,"Black"
"Capablanca  Jose Raul",184,"Black"
"Alekhine  Alexander A",185,"Black"
"Capablanca  Jose Raul",186,"Black"
"Alekhine  Alexander A",187,"Black"
"Capablanca  Jose Raul",188,"Black"
"Alekhine  Alexander A",189,"Black"
"Capablanca  Jose Raul",190,"Black"
"Alekhine  Alexander A",191,"Black"
"Capablanca  Jose Raul",192,"Black"
"Alekhine  Alexander A",193,"Black"
"Capablanca  Jose Raul",194,"Black"
"Alekhine  Alexander A",195,"Black"
"Capablanca  Jose Raul",196,"Black"
"Alekhine  Alexander A",197,"Black"
"Capablanca  Jose Raul",198,"Black"
"Alekhine  Alexander A",199,"Black"
"Capablanca  Jose Raul",200,"Black"
"Alekhine  Alexander A",201,"Black"
"Capablanca  Jose Raul",202,"Black"
"Alekhine  Alexander A",203,"Black"
"Capablanca  Jose Raul",204,"Black"
"Alekhine  Alexander A",205,"Black"
"Capablanca  Jose Raul",206,"Black"
"Alekhine  Alexander A",207,"Black"
"Capablanca  Jose Raul",208,"Black"
"Bogoljubow  Efim D",209,"Black"
"Alekhine  Alexander A",210,"Black"
"Bogoljubow  Efim D",211,"Black"
"Alekhine  Alexander A",212,"Black"
"Bogoljubow  Efim D",213,"Black"
"Alekhine  Alexander A",214,"Black"
"Bogoljubow  Efim D",215,"Black"
"Alekhine  Alexander A",216,"Black"
"Bogoljubow  Efim D",217,"Black"
"Alekhine  Alexander A",218,"Black"
"Bogoljubow  Efim D",219,"Black"
"Alekhine  Alexander A",220,"Black"
"Bogoljubow  Efim D",221,"Black"
"Alekhine  Alexander A",222,"Black"
"Bogoljubow  Efim D",223,"Black"
"Alekhine  Alexander A",224,"Black"
"Bogoljubow  Efim D",225,"Black"
"Alekhine  Alexander A",226,"Black"
"Bogoljubow  Efim D",227,"Black"
"Alekhine  Alexander A",228,"Black"
"Bogoljubow  Efim D",229,"Black"
"Alekhine  Alexander A",230,"Black"
"Bogoljubow  Efim D",231,"Black"
"Alekhine  Alexander A",232,"Black"
"Bogoljubow  Efim D",233,"Black"
"Alekhine  Alexander A",234,"Black"
"Bogoljubow  Efim D",235,"Black"
"Alekhine  Alexander A",236,"Black"
"Bogoljubow  Efim D",237,"Black"
"Alekhine  Alexander A",238,"Black"
"Bogoljubow  Efim D",239,"Black"
"Alekhine  Alexander A",240,"Black"
"Bogoljubow  Efim D",241,"Black"
"Alekhine  Alexander A",242,"Black"
"Bogoljubow  Efim D",243,"Black"
"Alekhine  Alexander A",244,"Black"
"Bogoljubow  Efim D",245,"Black"
"Alekhine  Alexander A",246,"Black"
"Bogoljubow  Efim D",247,"Black"
"Alekhine  Alexander A",248,"Black"
"Bogoljubow  Efim D",249,"Black"
"Alekhine  Alexander A",250,"Black"
"Bogoljubow  Efim D",251,"Black"
"Alekhine  Alexander A",252,"Black"
"Bogoljubow  Efim D",253,"Black"
"Alekhine  Alexander A",254,"Black"
"Bogoljubow  Efim D",255,"Black"
"Alekhine  Alexander A",256,"Black"
"Bogoljubow  Efim D",257,"Black"
"Alekhine  Alexander A",258,"Black"
"Bogoljubow  Efim D",259,"Black"
"Euwe  Max",260,"Black"
"Alekhine  Alexander A",261,"Black"
"Euwe  Max",262,"Black"
"Alekhine  Alexander A",263,"Black"
"Euwe  Max",264,"Black"
"Alekhine  Alexander A",265,"Black"
"Euwe  Max",266,"Black"
"Alekhine  Alexander A",267,"Black"
"Euwe  Max",268,"Black"
"Alekhine  Alexander A",269,"Black"
"Euwe  Max",270,"Black"
"Alekhine  Alexander A",271,"Black"
"Euwe  Max",272,"Black"
"Alekhine  Alexander A",273,"Black"
"Euwe  Max",274,"Black"
"Alekhine  Alexander A",275,"Black"
"Euwe  Max",276,"Black"
"Alekhine  Alexander A",277,"Black"
"Euwe  Max",278,"Black"
"Alekhine  Alexander A",279,"Black"
"Euwe  Max",280,"Black"
"Alekhine  Alexander A",281,"Black"
"Euwe  Max",282,"Black"
"Alekhine  Alexander A",283,"Black"
"Euwe  Max",284,"Black"
"Alekhine  Alexander A",285,"Black"
"Euwe  Max",286,"Black"
"Alekhine  Alexander A",287,"Black"
"Euwe  Max",288,"Black"
"Alekhine  Alexander A",289,"Black"
"Alekhine  Alexander A",290,"Black"
"Euwe  Max",291,"Black"
"Alekhine  Alexander A",292,"Black"
"Euwe  Max",293,"Black"
"Alekhine  Alexander A",294,"Black"
"Euwe  Max",295,"Black"
"Alekhine  Alexander A",296,"Black"
"Euwe  Max",297,"Black"
"Alekhine  Alexander A",298,"Black"
"Euwe  Max",299,"Black"
"Alekhine  Alexander A",300,"Black"
"Euwe  Max",301,"Black"
"Alekhine  Alexander A",302,"Black"
"Euwe  Max",303,"Black"
"Alekhine  Alexander A",304,"Black"
"Euwe  Max",305,"Black"
"Alekhine  Alexander A",306,"Black"
"Euwe  Max",307,"Black"
"Alekhine  Alexander A",308,"Black"
"Euwe  Max",309,"Black"
"Alekhine  Alexander A",310,"Black"
"Euwe  Max",311,"Black"
"Alekhine  Alexander A",312,"Black"
"Euwe  Max",313,"Black"
"Alekhine  Alexander A",314,"Black"
"Keres  Paul",315,"Black"
"Reshevsky  Samuel H",316,"Black"
"Euwe  Max",317,"Black"
"Smyslov  Vassily V",318,"Black"
"Keres  Paul",319,"Black"
"Botvinnik  Mikhail M",320,"Black"
"Reshevsky  Samuel H",321,"Black"
"Smyslov  Vassily V",322,"Black"
"Botvinnik  Mikhail M",323,"Black"
"Euwe  Max",324,"Black"
"Euwe  Max",325,"Black"
"Smyslov  Vassily V",326,"Black"
"Botvinnik  Mikhail M",327,"Black"
"Keres  Paul",328,"Black"
"Smyslov  Vassily V",329,"Black"
"Reshevsky  Samuel H",330,"Black"
"Botvinnik  Mikhail M",331,"Black"
"Euwe  Max",332,"Black"
"Reshevsky  Samuel H",333,"Black"
"Keres  Paul",334,"Black"
"Reshevsky  Samuel H",335,"Black"
"Euwe  Max",336,"Black"
"Smyslov  Vassily V",337,"Black"
"Keres  Paul",338,"Black"
"Reshevsky  Samuel H",339,"Black"
"Smyslov  Vassily V",340,"Black"
"Botvinnik  Mikhail M",341,"Black"
"Euwe  Max",342,"Black"
"Euwe  Max",343,"Black"
"Smyslov  Vassily V",344,"Black"
"Botvinnik  Mikhail M",345,"Black"
"Keres  Paul",346,"Black"
"Smyslov  Vassily V",347,"Black"
"Reshevsky  Samuel H",348,"Black"
"Botvinnik  Mikhail M",349,"Black"
"Euwe  Max",350,"Black"
"Keres  Paul",351,"Black"
"Reshevsky  Samuel H",352,"Black"
"Keres  Paul",353,"Black"
"Reshevsky  Samuel H",354,"Black"
"Euwe  Max",355,"Black"
"Smyslov  Vassily V",356,"Black"
"Keres  Paul",357,"Black"
"Botvinnik  Mikhail M",358,"Black"
"Reshevsky  Samuel H",359,"Black"
"Smyslov  Vassily V",360,"Black"
"Botvinnik  Mikhail M",361,"Black"
"Euwe  Max",362,"Black"
"Bronstein  David I",363,"Black"
"Botvinnik  Mikhail M",364,"Black"
"Bronstein  David I",365,"Black"
"Botvinnik  Mikhail M",366,"Black"
"Bronstein  David I",367,"Black"
"Botvinnik  Mikhail M",368,"Black"
"Bronstein  David I",369,"Black"
"Botvinnik  Mikhail M",370,"Black"
"Bronstein  David I",371,"Black"
"Botvinnik  Mikhail M",372,"Black"
"Bronstein  David I",373,"Black"
"Botvinnik  Mikhail M",374,"Black"
"Bronstein  David I",375,"Black"
"Botvinnik  Mikhail M",376,"Black"
"Bronstein  David I",377,"Black"
"Botvinnik  Mikhail M",378,"Black"
"Bronstein  David I",379,"Black"
"Botvinnik  Mikhail M",380,"Black"
"Bronstein  David I",381,"Black"
"Botvinnik  Mikhail M",382,"Black"
"Bronstein  David I",383,"Black"
"Botvinnik  Mikhail M",384,"Black"
"Bronstein  David I",385,"Black"
"Botvinnik  Mikhail M",386,"Black"
"Botvinnik  Mikhail M",387,"Black"
"Smyslov  Vassily V",388,"Black"
"Botvinnik  Mikhail M",389,"Black"
"Smyslov  Vassily V",390,"Black"
"Botvinnik  Mikhail M",391,"Black"
"Smyslov  Vassily V",392,"Black"
"Botvinnik  Mikhail M",393,"Black"
"Smyslov  Vassily V",394,"Black"
"Botvinnik  Mikhail M",395,"Black"
"Smyslov  Vassily V",396,"Black"
"Botvinnik  Mikhail M",397,"Black"
"Smyslov  Vassily V",398,"Black"
"Botvinnik  Mikhail M",399,"Black"
"Smyslov  Vassily V",400,"Black"
"Botvinnik  Mikhail M",401,"Black"
"Smyslov  Vassily V",402,"Black"
"Botvinnik  Mikhail M",403,"Black"
"Smyslov  Vassily V",404,"Black"
"Botvinnik  Mikhail M",405,"Black"
"Smyslov  Vassily V",406,"Black"
"Botvinnik  Mikhail M",407,"Black"
"Smyslov  Vassily V",408,"Black"
"Botvinnik  Mikhail M",409,"Black"
"Smyslov  Vassily V",410,"Black"
"Smyslov  Vassily V",411,"Black"
"Botvinnik  Mikhail M",412,"Black"
"Smyslov  Vassily V",413,"Black"
"Botvinnik  Mikhail M",414,"Black"
"Smyslov  Vassily V",415,"Black"
"Botvinnik  Mikhail M",416,"Black"
"Smyslov  Vassily V",417,"Black"
"Botvinnik  Mikhail M",418,"Black"
"Smyslov  Vassily V",419,"Black"
"Botvinnik  Mikhail M",420,"Black"
"Smyslov  Vassily V",421,"Black"
"Botvinnik  Mikhail M",422,"Black"
"Smyslov  Vassily V",423,"Black"
"Botvinnik  Mikhail M",424,"Black"
"Smyslov  Vassily V",425,"Black"
"Botvinnik  Mikhail M",426,"Black"
"Smyslov  Vassily V",427,"Black"
"Botvinnik  Mikhail M",428,"Black"
"Smyslov  Vassily V",429,"Black"
"Botvinnik  Mikhail M",430,"Black"
"Smyslov  Vassily V",431,"Black"
"Botvinnik  Mikhail M",432,"Black"
"Botvinnik  Mikhail M",433,"Black"
"Smyslov  Vassily V",434,"Black"
"Botvinnik  Mikhail M",435,"Black"
"Smyslov  Vassily V",436,"Black"
"Botvinnik  Mikhail M",437,"Black"
"Smyslov  Vassily V",438,"Black"
"Botvinnik  Mikhail M",439,"Black"
"Smyslov  Vassily V",440,"Black"
"Botvinnik  Mikhail M",441,"Black"
"Smyslov  Vassily V",442,"Black"
"Botvinnik  Mikhail M",443,"Black"
"Smyslov  Vassily V",444,"Black"
"Botvinnik  Mikhail M",445,"Black"
"Smyslov  Vassily V",446,"Black"
"Botvinnik  Mikhail M",447,"Black"
"Smyslov  Vassily V",448,"Black"
"Botvinnik  Mikhail M",449,"Black"
"Smyslov  Vassily V",450,"Black"
"Botvinnik  Mikhail M",451,"Black"
"Smyslov  Vassily V",452,"Black"
"Botvinnik  Mikhail M",453,"Black"
"Smyslov  Vassily V",454,"Black"
"Botvinnik  Mikhail M",455,"Black"
"Botvinnik  Mikhail M",456,"Black"
"Tal  Mikhail N",457,"Black"
"Botvinnik  Mikhail M",458,"Black"
"Tal  Mikhail N",459,"Black"
"Botvinnik  Mikhail M",460,"Black"
"Tal  Mikhail N",461,"Black"
"Botvinnik  Mikhail M",462,"Black"
"Tal  Mikhail N",463,"Black"
"Botvinnik  Mikhail M",464,"Black"
"Tal  Mikhail N",465,"Black"
"Botvinnik  Mikhail M",466,"Black"
"Tal  Mikhail N",467,"Black"
"Botvinnik  Mikhail M",468,"Black"
"Tal  Mikhail N",469,"Black"
"Botvinnik  Mikhail M",470,"Black"
"Tal  Mikhail N",471,"Black"
"Botvinnik  Mikhail M",472,"Black"
"Tal  Mikhail N",473,"Black"
"Botvinnik  Mikhail M",474,"Black"
"Tal  Mikhail N",475,"Black"
"Botvinnik  Mikhail M",476,"Black"
"Tal  Mikhail N",477,"Black"
"Botvinnik  Mikhail M",478,"Black"
"Tal  Mikhail N",479,"Black"
"Botvinnik  Mikhail M",480,"Black"
"Tal  Mikhail N",481,"Black"
"Botvinnik  Mikhail M",482,"Black"
"Tal  Mikhail N",483,"Black"
"Botvinnik  Mikhail M",484,"Black"
"Tal  Mikhail N",485,"Black"
"Botvinnik  Mikhail M",486,"Black"
"Tal  Mikhail N",487,"Black"
"Botvinnik  Mikhail M",488,"Black"
"Tal  Mikhail N",489,"Black"
"Botvinnik  Mikhail M",490,"Black"
"Tal  Mikhail N",491,"Black"
"Botvinnik  Mikhail M",492,"Black"
"Tal  Mikhail N",493,"Black"
"Botvinnik  Mikhail M",494,"Black"
"Tal  Mikhail N",495,"Black"
"Botvinnik  Mikhail M",496,"Black"
"Tal  Mikhail N",497,"Black"
"Botvinnik  Mikhail M",498,"Black"
"Petrosian  Tigran V",499,"Black"
"Botvinnik  Mikhail M",500,"Black"
"Petrosian  Tigran V",501,"Black"
"Botvinnik  Mikhail M",502,"Black"
"Petrosian  Tigran V",503,"Black"
"Botvinnik  Mikhail M",504,"Black"
"Petrosian  Tigran V",505,"Black"
"Botvinnik  Mikhail M",506,"Black"
"Petrosian  Tigran V",507,"Black"
"Botvinnik  Mikhail M",508,"Black"
"Petrosian  Tigran V",509,"Black"
"Botvinnik  Mikhail M",510,"Black"
"Petrosian  Tigran V",511,"Black"
"Botvinnik  Mikhail M",512,"Black"
"Petrosian  Tigran V",513,"Black"
"Botvinnik  Mikhail M",514,"Black"
"Petrosian  Tigran V",515,"Black"
"Botvinnik  Mikhail M",516,"Black"
"Petrosian  Tigran V",517,"Black"
"Botvinnik  Mikhail M",518,"Black"
"Petrosian  Tigran V",519,"Black"
"Petrosian  Tigran V",520,"Black"
"Spassky  Boris V",521,"Black"
"Petrosian  Tigran V",522,"Black"
"Spassky  Boris V",523,"Black"
"Petrosian  Tigran V",524,"Black"
"Spassky  Boris V",525,"Black"
"Petrosian  Tigran V",526,"Black"
"Spassky  Boris V",527,"Black"
"Petrosian  Tigran V",528,"Black"
"Spassky  Boris V",529,"Black"
"Petrosian  Tigran V",530,"Black"
"Spassky  Boris V",531,"Black"
"Petrosian  Tigran V",532,"Black"
"Spassky  Boris V",533,"Black"
"Petrosian  Tigran V",534,"Black"
"Spassky  Boris V",535,"Black"
"Petrosian  Tigran V",536,"Black"
"Spassky  Boris V",537,"Black"
"Petrosian  Tigran V",538,"Black"
"Spassky  Boris V",539,"Black"
"Petrosian  Tigran V",540,"Black"
"Spassky  Boris V",541,"Black"
"Petrosian  Tigran V",542,"Black"
"Spassky  Boris V",543,"Black"
"Petrosian  Tigran V",544,"Black"
"Spassky  Boris V",545,"Black"
"Petrosian  Tigran V",546,"Black"
"Spassky  Boris V",547,"Black"
"Petrosian  Tigran V",548,"Black"
"Spassky  Boris V",549,"Black"
"Petrosian  Tigran V",550,"Black"
"Spassky  Boris V",551,"Black"
"Petrosian  Tigran V",552,"Black"
"Spassky  Boris V",553,"Black"
"Petrosian  Tigran V",554,"Black"
"Spassky  Boris V",555,"Black"
"Petrosian  Tigran V",556,"Black"
"Spassky  Boris V",557,"Black"
"Petrosian  Tigran V",558,"Black"
"Spassky  Boris V",559,"Black"
"Petrosian  Tigran V",560,"Black"
"Spassky  Boris V",561,"Black"
"Petrosian  Tigran V",562,"Black"
"Spassky  Boris V",563,"Black"
"Petrosian  Tigran V",564,"Black"
"Spassky  Boris V",565,"Black"
"Petrosian  Tigran V",566,"Black"
"Fischer  Robert J",567,"Black"
"Fischer  Robert J",568,"Black"
"Spassky  Boris V",569,"Black"
"Fischer  Robert J",570,"Black"
"Spassky  Boris V",571,"Black"
"Fischer  Robert J",572,"Black"
"Spassky  Boris V",573,"Black"
"Fischer  Robert J",574,"Black"
"Spassky  Boris V",575,"Black"
"Fischer  Robert J",576,"Black"
"Spassky  Boris V",577,"Black"
"Fischer  Robert J",578,"Black"
"Spassky  Boris V",579,"Black"
"Fischer  Robert J",580,"Black"
"Spassky  Boris V",581,"Black"
"Fischer  Robert J",582,"Black"
"Spassky  Boris V",583,"Black"
"Fischer  Robert J",584,"Black"
"Spassky  Boris V",585,"Black"
"Fischer  Robert J",586,"Black"
"Karpov  Anatoly",587,"Black"
"Korchnoi  Viktor L",588,"Black"
"Karpov  Anatoly",589,"Black"
"Korchnoi  Viktor L",590,"Black"
"Karpov  Anatoly",591,"Black"
"Korchnoi  Viktor L",592,"Black"
"Karpov  Anatoly",593,"Black"
"Korchnoi  Viktor L",594,"Black"
"Karpov  Anatoly",595,"Black"
"Korchnoi  Viktor L",596,"Black"
"Karpov  Anatoly",597,"Black"
"Korchnoi  Viktor L",598,"Black"
"Karpov  Anatoly",599,"Black"
"Korchnoi  Viktor L",600,"Black"
"Karpov  Anatoly",601,"Black"
"Korchnoi  Viktor L",602,"Black"
"Karpov  Anatoly",603,"Black"
"Korchnoi  Viktor L",604,"Black"
"Karpov  Anatoly",605,"Black"
"Korchnoi  Viktor L",606,"Black"
"Karpov  Anatoly",607,"Black"
"Korchnoi  Viktor L",608,"Black"
"Karpov  Anatoly",609,"Black"
"Korchnoi  Viktor L",610,"Black"
"Karpov  Anatoly",611,"Black"
"Korchnoi  Viktor L",612,"Black"
"Karpov  Anatoly",613,"Black"
"Korchnoi  Viktor L",614,"Black"
"Karpov  Anatoly",615,"Black"
"Korchnoi  Viktor L",616,"Black"
"Karpov  Anatoly",617,"Black"
"Korchnoi  Viktor L",618,"Black"
"Karpov  Anatoly",619,"Black"
"Korchnoi  Viktor L",620,"Black"
"Karpov  Anatoly",621,"Black"
"Korchnoi  Viktor L",622,"Black"
"Karpov  Anatoly",623,"Black"
"Korchnoi  Viktor L",624,"Black"
"Karpov  Anatoly",625,"Black"
"Korchnoi  Viktor L",626,"Black"
"Karpov  Anatoly",627,"Black"
"Korchnoi  Viktor L",628,"Black"
"Karpov  Anatoly",629,"Black"
"Korchnoi  Viktor L",630,"Black"
"Karpov  Anatoly",631,"Black"
"Korchnoi  Viktor L",632,"Black"
"Karpov  Anatoly",633,"Black"
"Korchnoi  Viktor L",634,"Black"
"Karpov  Anatoly",635,"Black"
"Korchnoi  Viktor L",636,"Black"
"Kasparov  Gary",637,"Black"
"Karpov  Anatoly",638,"Black"
"Kasparov  Gary",639,"Black"
"Karpov  Anatoly",640,"Black"
"Kasparov  Gary",641,"Black"
"Karpov  Anatoly",642,"Black"
"Kasparov  Gary",643,"Black"
"Karpov  Anatoly",644,"Black"
"Kasparov  Gary",645,"Black"
"Karpov  Anatoly",646,"Black"
"Kasparov  Gary",647,"Black"
"Karpov  Anatoly",648,"Black"
"Kasparov  Gary",649,"Black"
"Karpov  Anatoly",650,"Black"
"Kasparov  Gary",651,"Black"
"Karpov  Anatoly",652,"Black"
"Kasparov  Gary",653,"Black"
"Karpov  Anatoly",654,"Black"
"Kasparov  Gary",655,"Black"
"Karpov  Anatoly",656,"Black"
"Kasparov  Gary",657,"Black"
"Karpov  Anatoly",658,"Black"
"Kasparov  Gary",659,"Black"
"Karpov  Anatoly",660,"Black"
"Kasparov  Gary",661,"Black"
"Karpov  Anatoly",662,"Black"
"Kasparov  Gary",663,"Black"
"Karpov  Anatoly",664,"Black"
"Kasparov  Gary",665,"Black"
"Karpov  Anatoly",666,"Black"
"Kasparov  Gary",667,"Black"
"Karpov  Anatoly",668,"Black"
"Kasparov  Gary",669,"Black"
"Karpov  Anatoly",670,"Black"
"Kasparov  Gary",671,"Black"
"Karpov  Anatoly",672,"Black"
"Kasparov  Gary",673,"Black"
"Karpov  Anatoly",674,"Black"
"Kasparov  Gary",675,"Black"
"Karpov  Anatoly",676,"Black"
"Kasparov  Gary",677,"Black"
"Karpov  Anatoly",678,"Black"
"Kasparov  Gary",679,"Black"
"Karpov  Anatoly",680,"Black"
"Kasparov  Gary",681,"Black"
"Karpov  Anatoly",682,"Black"
"Kasparov  Gary",683,"Black"
"Karpov  Anatoly",684,"Black"
